judge,kappa,n_pairs,llm_pos_rate,human_pos_rate
chatgpt_test,0.38560041876544526,6751,0.2638,0.3296
deepseek_test,0.4219488758129678,9668,0.2799,0.3194
