{
  "Human": {
    "BM25": 0.30546626987584335,
    "BGE-M3": 0.5604177384500193,
    "Qwen3-embed": 0.49575799316025887,
    "Hybrid BM25+Qwen3": 0.46030441181395837
  },
  "SahabatAI-Gemma2\n(zeroshot-bing)": {
    "BM25": 0.27236077652623575,
    "BGE-M3": 0.5670832612159254,
    "Qwen3-embed": 0.49065477127041307,
    "Hybrid BM25+Qwen3": 0.43894517462977267
  },
  "SahabatAI-Gemma2\n(strict)": {
    "BM25": 0.2739734952010527,
    "BGE-M3": 0.5515021347387263,
    "Qwen3-embed": 0.47442840964075506,
    "Hybrid BM25+Qwen3": 0.43152147463764773
  },
  "SahabatAI-Llama3\n(zeroshot-basic)": {
    "BM25": 0.2911117424406232,
    "BGE-M3": 0.5348736885573397,
    "Qwen3-embed": 0.45540919054205575,
    "Hybrid BM25+Qwen3": 0.44050419562109067
  },
  "SahabatAI-Llama3\n(fewshot-basic)": {
    "BM25": 0.27680194141956777,
    "BGE-M3": 0.5354265867133026,
    "Qwen3-embed": 0.4670365690747006,
    "Hybrid BM25+Qwen3": 0.43187231007778315
  },
  "SahabatAI-Llama3\n(fewshot-bing)": {
    "BM25": 0.2682240076717477,
    "BGE-M3": 0.5430114278377107,
    "Qwen3-embed": 0.4812385518448849,
    "Hybrid BM25+Qwen3": 0.43303245885759173
  },
  "DeepSeek": {
    "BM25": 0.2737466239237277,
    "BGE-M3": 0.6107496113142936,
    "Qwen3-embed": 0.5368296443786525,
    "Hybrid BM25+Qwen3": 0.45544511410501026
  },
  "ChatGPT\n(GPT-4o)": {
    "BM25": 0.23981553928760843,
    "BGE-M3": 0.5485549563314476,
    "Qwen3-embed": 0.4776299722034408,
    "Hybrid BM25+Qwen3": 0.4009936597865668
  }
}