epoch,steps,Accuracy,Accuracy_Threshold,F1,F1_Threshold,Precision,Recall,Average_Precision
1.0,243,0.7684362139917695,0.01051249,0.7776074422500243,0.00056505384,0.7124826990804818,0.8558353909465021,0.8636870699425987
2.0,486,0.7736378600823045,0.0030920256,0.7837359682939454,0.00042577577,0.738444292390339,0.8349465020576131,0.8664652809353641
3.0,729,0.7736954732510288,0.012165319,0.7830956203417171,0.00037619716,0.7403903969964949,0.8310288065843622,0.8649591850136691
