epoch,steps,Accuracy,Accuracy_Threshold,F1,F1_Threshold,Precision,Recall,Average_Precision
1.0,2314,0.8566172839506173,0.05599057,0.8584364961059873,0.0061406745,0.8322385199153001,0.8863374485596708,0.9311205909198986
2.0,4628,0.8595720164609053,0.004458448,0.8590308370044053,0.0022466525,0.8578181937559503,0.860246913580247,0.9296642076186059
3.0,6942,0.8608477366255144,0.0021666805,0.8620303267257294,0.000742169,0.8446736915275123,0.8801152263374485,0.9161801478671585
