epoch,steps,Accuracy,Accuracy_Threshold,F1,F1_Threshold,Precision,Recall,Average_Precision
1.0,7594,0.9842551440329218,0.86408925,0.9842713257965057,0.86166847,0.9832607802874743,0.9852839506172839,0.9974818591843602
2.0,15188,0.9960164609053498,0.9901558,0.9960162641776549,0.9901558,0.9960654550243645,0.9959670781893004,0.9995637484567699
3.0,22782,0.998880658436214,0.1265046,0.9988810820594674,0.1265046,0.9985031909994079,0.9992592592592593,0.999960215723066
