epoch,steps,Accuracy,Accuracy_Threshold,F1,F1_Threshold,Precision,Recall,Average_Precision
1.0,661,0.7934650205761317,0.016538575,0.7994296284877447,0.0007997728,0.7516886505290622,0.8536460905349794,0.8839138852884072
2.0,1322,0.7985267489711935,0.004146875,0.8013575713888826,0.00010185654,0.7367490922144445,0.8783868312757201,0.8784642708675614
3.0,1983,0.7971604938271605,0.0062008593,0.8006833622059187,0.0005175767,0.7773317005874785,0.8254814814814815,0.8727133441608841
