epoch,steps,Accuracy,Accuracy_Threshold,F1,F1_Threshold,Precision,Recall,Average_Precision
1.0,1147,0.8151111111111111,0.015417968,0.8191048078062656,0.0020667077,0.7875864164704095,0.8532510288065843,0.8958941510548314
2.0,2294,0.8180493827160494,0.0030052126,0.8217427700472257,0.00040216,0.7897716922703261,0.8564115226337449,0.904264750610122
3.0,3441,0.8203703703703704,0.08432212,0.824186555212687,0.00018494338,0.7843283027284217,0.8683127572016461,0.9050088386038224
